{
  "top_20_features": [
    {
      "key": "('attn', 10, 0)",
      "kind": "attn",
      "layer": 10,
      "index": 0,
      "name": "Layer 10, Head 0",
      "average_attribution": -2.0576650060035964,
      "abs_avg": 2.0576650060035964,
      "top10_frequency": 15,
      "all_attributions": [
        -3.771701,
        -1.529821,
        -1.131601,
        -2.102903,
        5.354901,
        4.703138,
        4.502283,
        4.519428,
        -12.17811,
        -12.263178,
        -9.965338,
        5.098344,
        -13.028873,
        0.373777,
        -0.055229,
        -0.382904,
        1.183503,
        1.391995,
        -13.885546,
        -2.504765,
        0.336402,
        0.067566
      ]
    },
    {
      "key": "('attn', 10, 6)",
      "kind": "attn",
      "layer": 10,
      "index": 6,
      "name": "Layer 10, Head 6",
      "average_attribution": 1.6919756951657208,
      "abs_avg": 1.6919756951657208,
      "top10_frequency": 8,
      "all_attributions": [
        4.451612,
        4.815603,
        4.735726,
        5.094923,
        3.216494,
        3.5328,
        2.286979,
        3.474407,
        0.84834,
        1.012615,
        1.258586,
        1.534697,
        0.977881,
        -0.647846,
        0.236346,
        -0.194506,
        -0.01245,
        -0.05031,
        0.260226,
        0.694738,
        0.080535,
        -0.38393
      ]
    },
    {
      "key": "('mlp', 8, 538)",
      "kind": "mlp",
      "layer": 8,
      "index": 538,
      "name": "Layer 8, Neuron 538",
      "average_attribution": -1.427003478419713,
      "abs_avg": 1.427003478419713,
      "top10_frequency": 8,
      "all_attributions": [
        -4.631023,
        -4.661747,
        -4.684454,
        -4.478475,
        0.621092,
        0.653725,
        0.628851,
        0.58822,
        -3.497784,
        -3.773817,
        -3.528457,
        -0.55561,
        -3.492464,
        0.174942,
        0.094941,
        -0.401248,
        0.092719,
        -0.010695,
        1.185079,
        -0.046233,
        -1.090372,
        -0.581263
      ]
    },
    {
      "key": "('mlp', 8, 1028)",
      "kind": "mlp",
      "layer": 8,
      "index": 1028,
      "name": "Layer 8, Neuron 1028",
      "average_attribution": 0.9270349986406721,
      "abs_avg": 0.9270349986406721,
      "top10_frequency": 7,
      "all_attributions": [
        2.057796,
        2.256864,
        2.299054,
        2.035017,
        -1.102914,
        -1.038429,
        -0.978567,
        -0.959297,
        4.539389,
        4.480721,
        4.347421,
        -1.968172,
        4.64133,
        -0.042268,
        0.097052,
        -0.066621,
        0.011199,
        -0.061461,
        0.002816,
        -0.02655,
        -0.079644,
        -0.049966
      ]
    },
    {
      "key": "('attn', 9, 2)",
      "kind": "attn",
      "layer": 9,
      "index": 2,
      "name": "Layer 9, Head 2",
      "average_attribution": 0.9095610143108801,
      "abs_avg": 0.9095610143108801,
      "top10_frequency": 7,
      "all_attributions": [
        1.097192,
        1.270811,
        1.435352,
        1.182344,
        0.957447,
        1.271789,
        1.023753,
        1.671335,
        3.007505,
        3.045302,
        2.795273,
        5.171822,
        2.566189,
        0.032568,
        -0.317145,
        -1.266334,
        -0.247001,
        -0.872792,
        -1.370047,
        0.127393,
        -1.208321,
        -1.364095
      ]
    },
    {
      "key": "('mlp', 8, 1460)",
      "kind": "mlp",
      "layer": 8,
      "index": 1460,
      "name": "Layer 8, Neuron 1460",
      "average_attribution": 0.8238491234634157,
      "abs_avg": 0.8238491234634157,
      "top10_frequency": 4,
      "all_attributions": [
        3.077781,
        3.634666,
        3.23772,
        3.356341,
        -0.275264,
        -0.287384,
        -0.238447,
        -0.321696,
        1.621442,
        1.423156,
        1.240116,
        0.454425,
        1.406677,
        0.045106,
        0.049008,
        -0.001413,
        -0.095491,
        -0.114299,
        -0.000573,
        0.021675,
        -0.050414,
        -0.058451
      ]
    },
    {
      "key": "('mlp', 8, 2108)",
      "kind": "mlp",
      "layer": 8,
      "index": 2108,
      "name": "Layer 8, Neuron 2108",
      "average_attribution": -0.8045151815749705,
      "abs_avg": 0.8045151815749705,
      "top10_frequency": 7,
      "all_attributions": [
        -2.298972,
        -2.348113,
        -2.296432,
        -2.535181,
        -0.29346,
        -0.324175,
        -0.311966,
        -0.308046,
        -1.610518,
        -1.747425,
        -1.834123,
        1.015429,
        -1.776646,
        0.109421,
        -0.014016,
        -1.54116,
        0.167764,
        0.036264,
        0.367496,
        0.288673,
        -0.638716,
        0.194569
      ]
    },
    {
      "key": "('attn', 9, 5)",
      "kind": "attn",
      "layer": 9,
      "index": 5,
      "name": "Layer 9, Head 5",
      "average_attribution": -0.7284774468703703,
      "abs_avg": 0.7284774468703703,
      "top10_frequency": 9,
      "all_attributions": [
        0.176875,
        -0.131099,
        -0.474282,
        -0.304185,
        -1.275186,
        -1.077223,
        -0.953916,
        -0.912088,
        -2.417003,
        -2.904443,
        -3.179984,
        -1.441305,
        -2.177972,
        -0.943157,
        0.287916,
        1.508874,
        -1.968447,
        -1.862733,
        0.911597,
        0.858493,
        1.94759,
        0.305174
      ]
    },
    {
      "key": "('mlp', 8, 1458)",
      "kind": "mlp",
      "layer": 8,
      "index": 1458,
      "name": "Layer 8, Neuron 1458",
      "average_attribution": -0.6882892011331436,
      "abs_avg": 0.6882892011331436,
      "top10_frequency": 0,
      "all_attributions": [
        -1.081735,
        -1.168641,
        -1.340428,
        -1.173497,
        -0.862852,
        -0.856389,
        -0.745446,
        -0.818937,
        -1.635036,
        -1.60048,
        -1.520582,
        -0.99637,
        -1.44265,
        -0.000509,
        -0.008179,
        0.012128,
        0.021625,
        0.038898,
        0.003043,
        -0.046795,
        0.084885,
        -0.004414
      ]
    },
    {
      "key": "('mlp', 8, 1972)",
      "kind": "mlp",
      "layer": 8,
      "index": 1972,
      "name": "Layer 8, Neuron 1972",
      "average_attribution": 0.6042551789789947,
      "abs_avg": 0.6042551789789947,
      "top10_frequency": 4,
      "all_attributions": [
        2.142163,
        2.478096,
        2.274228,
        2.097393,
        -0.080777,
        -0.083364,
        -0.069991,
        -0.083864,
        1.202541,
        1.020717,
        0.922664,
        0.878542,
        1.004143,
        -0.042285,
        -0.044875,
        -0.000347,
        -0.180452,
        -0.184555,
        -0.003748,
        -0.000253,
        0.029363,
        0.018277
      ]
    },
    {
      "key": "('mlp', 6, 737)",
      "kind": "mlp",
      "layer": 6,
      "index": 737,
      "name": "Layer 6, Neuron 737",
      "average_attribution": 0.6016832338249184,
      "abs_avg": 0.6016832338249184,
      "top10_frequency": 4,
      "all_attributions": [
        1.1567,
        0.853673,
        0.916067,
        1.077512,
        1.777295,
        1.804434,
        1.662719,
        1.81094,
        0.515254,
        0.651674,
        0.606414,
        -0.09662,
        0.573327,
        0.084697,
        0.036038,
        0.044641,
        -0.131548,
        -0.094885,
        0.014625,
        0.000138,
        0.001524,
        -0.027586
      ]
    },
    {
      "key": "('mlp', 6, 833)",
      "kind": "mlp",
      "layer": 6,
      "index": 833,
      "name": "Layer 6, Neuron 833",
      "average_attribution": -0.5483701708303257,
      "abs_avg": 0.5483701708303257,
      "top10_frequency": 0,